{
    "cnn_c32c64_k5_fc512": {
        "training_time": 1708.523187160492,
        "final_accuracy": 99.22,
        "best_accuracy": 99.24,
        "parameters": 1663370,
        "epochs": 20,
        "batch_size": 128
    },
    "mlp_512_256_128": {
        "training_time": 134.75405287742615,
        "final_accuracy": 98.02,
        "best_accuracy": 98.02,
        "parameters": 567434,
        "epochs": 20,
        "batch_size": 128
    }
}